Image,Name,Length Âµm
IMG_20220807_155019762.jpg,br-op_06aug_pl-1_f,10000
IMG_20220807_155019762.jpg,standard,24986.2
IMG_20220807_155019762.jpg,total,31792.6
IMG_20220807_155214400.jpg,br-op_06aug_pl-02_m,10000
IMG_20220807_155214400.jpg,standard,32052.9
IMG_20220807_155214400.jpg,total,35514.4
IMG_20220807_155430263.jpg,brop_06aug_pf-01_f,10000
IMG_20220807_155430263.jpg,standard,25352.9
IMG_20220807_155430263.jpg,total,29732.1
IMG_20220807_155833743.jpg,br-op_06aug_pl-03_f,10000
IMG_20220807_155833743.jpg,standard,48183.1
IMG_20220807_155833743.jpg,total,53748.7
IMG_20220807_160053392.jpg,br-op_06aug_pf-02_f,10000
IMG_20220807_160053392.jpg,standard,25212.3
IMG_20220807_160053392.jpg,total,29804
IMG_20220807_160250102.jpg,br-op_06aug_pl-04_f,10000
IMG_20220807_160250102.jpg,standard,26967.6
IMG_20220807_160250102.jpg,total,30149.6
IMG_20220807_173221938.jpg,wes_06aug_pf-3_f,10000
IMG_20220807_173221938.jpg,standard,40051.5
IMG_20220807_173221938.jpg,total,47363.5
IMG_20220807_173630504.jpg,wes_06aug_pf-04,10000
IMG_20220807_173630504.jpg,standard,25024.7
IMG_20220807_173630504.jpg,total,32341.7
IMG_20220807_173808333.jpg,wes_06aug_pl-05_m,10000
IMG_20220807_173808333.jpg,standard,27323.3
IMG_20220807_173808333.jpg,total,34409.3
IMG_20220807_174029799.jpg,wes_06aug_pf-05_f,10000
IMG_20220807_174029799.jpg,standard,26658.8
IMG_20220807_174029799.jpg,total,32382.4
IMG_20220807_174654766.jpg,wes_06aug_pf-06_f,10000
IMG_20220807_174654766.jpg,standard,59655.6
IMG_20220807_174654766.jpg,total,68635.3
IMG_20220807_174903697.jpg,wes_06aug_pl-06_f,10000
IMG_20220807_174903697.jpg,standard,48106.5
IMG_20220807_174903697.jpg,total,55842.6
IMG_20220807_175021927.jpg,wes_06aug_pf-07_f,10000
IMG_20220807_175021927.jpg,standard,41751.3
IMG_20220807_175021927.jpg,total,49135.7
IMG_20220807_175218619.jpg,wes_06aug_pf-08_f,10000
IMG_20220807_175218619.jpg,standard,24673.2
IMG_20220807_175218619.jpg,total,33654.6
IMG_20220807_175946676.jpg,br-op_06aug_pl-07_f,10000
IMG_20220807_175946676.jpg,standard,25772
IMG_20220807_175946676.jpg,total,35281.1
IMG_20220807_180259438.jpg,brop_06aug_pl-08_m,10000
IMG_20220807_180259438.jpg,standard,21657.2
IMG_20220807_180259438.jpg,total,24995
IMG_20220807_180419424.jpg,br-op_06aug_pl-09_f,10000
IMG_20220807_180419424.jpg,standard,30475.1
IMG_20220807_180419424.jpg,total,33774.6
IMG_20220807_180825578.jpg,br-op_06aug_pl-10_f,10000
IMG_20220807_180825578.jpg,standard,30554.9
IMG_20220807_180825578.jpg,total,33393.6
IMG_20220807_181156610.jpg,br-op_06aug_pl-11_f,10000
IMG_20220807_181156610.jpg,standard,30090.2
IMG_20220807_181156610.jpg,total,34973.4
IMG_20220807_181432107.jpg,br-op_06aug_pl-12_f,10000
IMG_20220807_181432107.jpg,standard,33025.8
IMG_20220807_181432107.jpg,total,39336.9
IMG_20220807_181639661.jpg,br-op_06aug_pl-13_m,10000
IMG_20220807_181639661.jpg,standard,29190.3
IMG_20220807_181639661.jpg,total,36410.1
IMG_20220807_181844765.jpg,br-op_06aug_pl-14_f,10000
IMG_20220807_181844765.jpg,standard,22154.4
IMG_20220807_181844765.jpg,total,21837.1
IMG_20220807_182405988.jpg,br-op_06aug_pf-08_f,10000
IMG_20220807_182405988.jpg,standard,47879.6
IMG_20220807_182405988.jpg,total,58534.9
IMG_20220807_183746191.jpg,wes_07aug_pf-09_f,10000
IMG_20220807_183746191.jpg,standard,22560.9
IMG_20220807_183746191.jpg,total,27757.9
IMG_20220807_184305053.jpg,wes_07aug_pf-10_f,10000
IMG_20220807_184305053.jpg,standard,26399.9
IMG_20220807_184305053.jpg,total,31212.8
IMG_20220807_184430820.jpg,wes_07aug_pf-11_f,10000
IMG_20220807_184430820.jpg,standard,35282.2
IMG_20220807_184430820.jpg,total,42980.4
IMG_20220807_184626366.jpg,wes_07aug_pf-12_f,10000
IMG_20220807_184626366.jpg,standard,35794.6
IMG_20220807_184626366.jpg,total,44634.6
IMG_20220807_184909233.jpg,wes_07aug_pf-13_f,10000
IMG_20220807_184909233.jpg,standard,24363.3
IMG_20220807_184909233.jpg,total,31751
IMG_20220807_185018016.jpg,wes_07aug_pf-14_f,10000
IMG_20220807_185018016.jpg,standard,36055.5
IMG_20220807_185018016.jpg,total,45297.9
IMG_20220807_185409721.jpg,wes_07aug_pf-15_f,10000
IMG_20220807_185409721.jpg,standard,42472.6
IMG_20220807_185409721.jpg,total,53505.9
IMG_20220807_185648331.jpg,wes_07aug_pf-16_f,10000
IMG_20220807_185648331.jpg,standard,31575.3
IMG_20220807_185648331.jpg,total,38658.8
IMG_20220807_185738726.jpg,wes_07aug_pf-17_f,10000
IMG_20220807_185738726.jpg,standard,34361.4
IMG_20220807_185738726.jpg,total,42531.6
IMG_20220807_190033410.jpg,wes_07aug_pf-18_f,10000
IMG_20220807_190033410.jpg,standard,35686.5
IMG_20220807_190033410.jpg,total,42043.4
IMG_20220807_190148060.jpg,wes_07aug_pf-19_f,10000
IMG_20220807_190148060.jpg,standard,31329
IMG_20220807_190148060.jpg,total,39003
IMG_20220807_190629173.jpg,wes_07aug_pf-20_f,10000
IMG_20220807_190629173.jpg,standard,37299.9
IMG_20220807_190629173.jpg,total,45437.7
IMG_20220807_190822629.jpg,wes_07aug_pf-21_f,10000
IMG_20220807_190822629.jpg,standard,39872.6
IMG_20220807_190822629.jpg,total,47906.9
IMG_20220807_191257475.jpg,wes_07aug_pl-15_m,10000
IMG_20220807_191257475.jpg,standard,29686.4
IMG_20220807_191257475.jpg,total,38520.6
IMG_20220807_191503360.jpg,wes_07aug_pl-16_f,10000
IMG_20220807_191503360.jpg,standard,22562.2
IMG_20220807_191503360.jpg,total,27703
IMG_20220807_191802925.jpg,wes_07aug_pf-22_f,10000
IMG_20220807_191802925.jpg,standard,39120.4
IMG_20220807_191802925.jpg,total,45488.8
IMG_20220807_192117542.jpg,wes_07aug_pl-17_f,10000
IMG_20220807_192117542.jpg,standard,31969
IMG_20220807_192117542.jpg,total,37496.2
IMG_20220807_192257372.jpg,wes_07aug_pf-23_f,10000
IMG_20220807_192257372.jpg,standard,21805.2
IMG_20220807_192257372.jpg,total,25652.4
IMG_20220807_192453413.jpg,wes_07aug_pf-24_f,10000
IMG_20220807_192453413.jpg,standard,20453.5
IMG_20220807_192453413.jpg,total,24668.5
IMG_20220807_192759252.jpg,wes_07aug_pl-18_f,10000
IMG_20220807_192759252.jpg,standard,27521.7
IMG_20220807_192759252.jpg,total,32041.3
IMG_20220807_193033049.jpg,wes_07aug_pl-19_f,10000
IMG_20220807_193033049.jpg,standard,18868
IMG_20220807_193033049.jpg,total,23532.1
IMG_20220808_103749416.jpg,wes_06aug_pf-25_f,10000
IMG_20220808_103749416.jpg,standard,27510.3
IMG_20220808_103749416.jpg,total,34338.1
IMG_20220808_121302368.jpg,wes_07aug_pf-25_f,10000
IMG_20220808_121302368.jpg,standard,34727
IMG_20220808_121302368.jpg,total,43450.4
IMG_20220808_122014863.jpg,wes_07aug_pf-26_f,10000
IMG_20220808_122014863.jpg,standard,36039.1
IMG_20220808_122014863.jpg,total,44479.6
IMG_20220808_122430845.jpg,wes_07aug_pl-20_f,10000
IMG_20220808_122430845.jpg,standard,31486.2
IMG_20220808_122430845.jpg,total,39189.6
IMG_20220808_122612409.jpg,wes_07aug_pf-27_f,10000
IMG_20220808_122612409.jpg,standard,43907.6
IMG_20220808_122612409.jpg,total,52576.3
IMG_20220808_123043888.jpg,wes_07aug_pf-28_f,10000
IMG_20220808_123043888.jpg,standard,36048.4
IMG_20220808_123043888.jpg,total,46765.4
IMG_20220808_123308012.jpg,wes_07aug_pf-29_f,10000
IMG_20220808_123308012.jpg,standard,29091.5
IMG_20220808_123308012.jpg,total,34138
IMG_20220808_123529582.jpg,wes_07aug_pf-30_f,10000
IMG_20220808_123529582.jpg,standard,33093.8
IMG_20220808_123529582.jpg,total,38075.7
IMG_20220808_123756875.jpg,wes_09aug_pf-31_f,10000
IMG_20220808_123756875.jpg,standard,32853.7
IMG_20220808_123756875.jpg,total,39657.8
IMG_20220808_124021635.jpg,wes_07aug_pf-32_f,10000
IMG_20220808_124021635.jpg,standard,33343.7
IMG_20220808_124021635.jpg,total,42703.8
IMG_20220808_124249988_BURST000_COVER.jpg,wes_07aug_pl-21_f,10000
IMG_20220808_124249988_BURST000_COVER.jpg,standard,46375.5
IMG_20220808_124249988_BURST000_COVER.jpg,total,54689.7
IMG_20220808_133949766_HDR.jpg,wes_07aug_pf-33_f,10000
IMG_20220808_133949766_HDR.jpg,standard,30315.9
IMG_20220808_133949766_HDR.jpg,total,37767
IMG_20220809_164223854_HDR.jpg,br-op_09aug_pl-28_f,10000
IMG_20220809_164223854_HDR.jpg,standard,42919.9
IMG_20220809_164223854_HDR.jpg,total,51608.4
IMG_20220809_164254756_HDR.jpg,br-op_09aug_pl-29_m,10000
IMG_20220809_164254756_HDR.jpg,standard,29318
IMG_20220809_164254756_HDR.jpg,total,36150.3
IMG_20220809_164521766_HDR.jpg,br-op_09aug_pf-35_f,10000
IMG_20220809_164521766_HDR.jpg,standard,19405.5
IMG_20220809_164521766_HDR.jpg,total,25515
IMG_20220809_164624627_HDR.jpg,br-op_09aug_pl-27_f,10000
IMG_20220809_164624627_HDR.jpg,standard,43266.6
IMG_20220809_164624627_HDR.jpg,total,55213
IMG_20220809_164658951_HDR.jpg,br-op_09aug_pl-26_m,10000
IMG_20220809_164658951_HDR.jpg,standard,37069.4
IMG_20220809_164658951_HDR.jpg,total,46172.5
IMG_20220809_164856968.jpg,br-op_09aug_pl-30_f,10000
IMG_20220809_164856968.jpg,standard,36933.1
IMG_20220809_164856968.jpg,total,43080.4
IMG_20220809_165004482_HDR.jpg,br-op_09aug_pl-31_f,10000
IMG_20220809_165004482_HDR.jpg,standard,48261.9
IMG_20220809_165004482_HDR.jpg,total,61445.2
IMG_20220809_165247603_HDR.jpg,br-op_09aug_pf-36_f,10000
IMG_20220809_165247603_HDR.jpg,standard,40400.5
IMG_20220809_165247603_HDR.jpg,total,49525.1
IMG_20220809_165441000_HDR.jpg,br-op_09aug_pf-37_f,10000
IMG_20220809_165441000_HDR.jpg,standard,44339.9
IMG_20220809_165441000_HDR.jpg,total,52676.9
IMG_20220809_165653275_HDR.jpg,br-op_09aug_pf-38_f,10000
IMG_20220809_165653275_HDR.jpg,standard,34915.9
IMG_20220809_165653275_HDR.jpg,total,43335.2
IMG_20220809_165932902_HDR.jpg,br-op_09aug_pl-32_f,10000
IMG_20220809_165932902_HDR.jpg,standard,28240.8
IMG_20220809_165932902_HDR.jpg,total,34637.6
IMG_20220809_170203429_HDR.jpg,br-op_09aug_pl-33_f,10000
IMG_20220809_170203429_HDR.jpg,standard,19716.9
IMG_20220809_170203429_HDR.jpg,total,24895
IMG_20220809_170445960_HDR.jpg,br-op_09aug_pf-39,10000
IMG_20220809_170445960_HDR.jpg,standard,34887.3
IMG_20220809_170445960_HDR.jpg,total,42589.1
IMG_20220809_170810174_HDR.jpg,br-op_09aug_pl-34_m,10000
IMG_20220809_170810174_HDR.jpg,standard,33208.8
IMG_20220809_170810174_HDR.jpg,total,41344.7
IMG_20220809_170908029_HDR.jpg,br-op_09aug_pl-35_m,10000
IMG_20220809_170908029_HDR.jpg,standard,31659.1
IMG_20220809_170908029_HDR.jpg,total,39412.1
IMG_20220809_171126079_HDR.jpg,br-op_09aug_pl-36_f,10000
IMG_20220809_171126079_HDR.jpg,standard,29045.2
IMG_20220809_171126079_HDR.jpg,total,35179.9
IMG_20220809_171521899_HDR.jpg,br-op_09aug_pl-38_f,10000
IMG_20220809_171521899_HDR.jpg,standard,27470.3
IMG_20220809_171521899_HDR.jpg,total,34950.5
IMG_20220809_171738946_HDR.jpg,br-op_09aug_pf-40_f,10000
IMG_20220809_171738946_HDR.jpg,standard,22575.2
IMG_20220809_171738946_HDR.jpg,total,28389
IMG_20220809_171940208_HDR.jpg,br-op_09aug_pl-37_f,10000
IMG_20220809_171940208_HDR.jpg,standard,31831.2
IMG_20220809_171940208_HDR.jpg,total,39545.5
IMG_20220809_172137375.jpg,br-op_09aug_pl-38_f,10000
IMG_20220809_172137375.jpg,standard,28110.1
IMG_20220809_172137375.jpg,total,34358.3
IMG_20220809_172309085_HDR.jpg,br-op_09aug_pf-34_f,10000
IMG_20220809_172309085_HDR.jpg,standard,24635
IMG_20220809_172309085_HDR.jpg,total,29973.3
IMG_20220809_172424587_HDR.jpg,br-op_09aug_pl-39_m,10000
IMG_20220809_172424587_HDR.jpg,standard,28190.1
IMG_20220809_172424587_HDR.jpg,total,35184.7
IMG_20220809_172539817_HDR.jpg,br-op_09aug_pl-40_m,10000
IMG_20220809_172539817_HDR.jpg,standard,26338
IMG_20220809_172539817_HDR.jpg,total,31535.9
IMG_20220809_172723519_HDR.jpg,br-op_09aug_pf-41_f,10000
IMG_20220809_172723519_HDR.jpg,standard,20460
IMG_20220809_172723519_HDR.jpg,total,24672.1
IMG_20220809_172905702.jpg,br-op_09aug_pl-41_f,10000
IMG_20220809_172905702.jpg,standard,26744.3
IMG_20220809_172905702.jpg,total,32114.5
IMG_20220809_173142910.jpg,br-op_09aug_pl-42_f,10000
IMG_20220809_173142910.jpg,standard,24490.3
IMG_20220809_173142910.jpg,total,31983.1
IMG_20220811_154418645_HDR.jpg,wes_11aug_pl-43_f,10000
IMG_20220811_154418645_HDR.jpg,standard,31880.1
IMG_20220811_154418645_HDR.jpg,total,38413.9
IMG_20220811_154636154_HDR.jpg,wes_11aug_pl-44_f,10000
IMG_20220811_154636154_HDR.jpg,standard,22633.9
IMG_20220811_154636154_HDR.jpg,total,26344.6
IMG_20220811_154828316_HDR.jpg,wes_11aug_pf-42_f,10000
IMG_20220811_154828316_HDR.jpg,standard,25854.7
IMG_20220811_154828316_HDR.jpg,total,30852.3
IMG_20220811_154954403_HDR.jpg,wes_11aug_pf-43_f,10000
IMG_20220811_154954403_HDR.jpg,standard,32552.4
IMG_20220811_154954403_HDR.jpg,total,40282.7
IMG_20220811_155121404_HDR.jpg,wes_11aug_pf-44_f,10000
IMG_20220811_155121404_HDR.jpg,standard,23187.7
IMG_20220811_155121404_HDR.jpg,total,29839.8
IMG_20220811_155302989_HDR.jpg,wes_11aug_pf-45_f,10000
IMG_20220811_155302989_HDR.jpg,standard,28407.3
IMG_20220811_155302989_HDR.jpg,total,33340.2
IMG_20220811_155434035_HDR.jpg,wes_11aug_pl-45_f,10000
IMG_20220811_155434035_HDR.jpg,standard,50656.1
IMG_20220811_155434035_HDR.jpg,total,61654.9
IMG_20220811_155626256.jpg,wes_11aug_pf-46_f,10000
IMG_20220811_155626256.jpg,standard,44193.5
IMG_20220811_155626256.jpg,total,52596.5
IMG_20220811_160341001_HDR.jpg,wes_aug11_pf-47_f,10000
IMG_20220811_160341001_HDR.jpg,standard,28036.3
IMG_20220811_160341001_HDR.jpg,total,33533.6
IMG_20220811_160535131_HDR.jpg,wes_11aug_pl-46_m,10000
IMG_20220811_160535131_HDR.jpg,standard,48266.1
IMG_20220811_160535131_HDR.jpg,total,56027.5
IMG_20220811_160727757.jpg,wes_11aug_pl-47_f,10000
IMG_20220811_160727757.jpg,standard,27200.7
IMG_20220811_160727757.jpg,total,33478.2
IMG_20220811_160917132_HDR.jpg,wes_11aug_pf-48_f,10000
IMG_20220811_160917132_HDR.jpg,standard,37261
IMG_20220811_160917132_HDR.jpg,total,45675.5
IMG_20220811_161105974_HDR.jpg,wes_11aug_pl-48_f,10000
IMG_20220811_161105974_HDR.jpg,standard,39270.4
IMG_20220811_161105974_HDR.jpg,total,47200.6
IMG_20220811_161207320_HDR.jpg,wes_11aug_pl-49_m,10000
IMG_20220811_161207320_HDR.jpg,standard,37610.2
IMG_20220811_161207320_HDR.jpg,total,45295.8
IMG_20220811_161357826_HDR.jpg,wes_11aug_pf-49_f,10000
IMG_20220811_161357826_HDR.jpg,standard,36330.7
IMG_20220811_161357826_HDR.jpg,total,45109.2
IMG_20220811_161717992_HDR.jpg,wes_11aug_pf-50_f,10000
IMG_20220811_161717992_HDR.jpg,standard,18974.2
IMG_20220811_161717992_HDR.jpg,total,22586.5
IMG_20220811_162026833.jpg,wes_11aug_pf-51_f,10000
IMG_20220811_162026833.jpg,standard,38284.5
IMG_20220811_162026833.jpg,total,46814.5
IMG_20220811_162405271.jpg,wes_11aug_pf-52_f,10000
IMG_20220811_162405271.jpg,standard,28594.6
IMG_20220811_162405271.jpg,total,34577.6
IMG_20220811_162702756_HDR.jpg,wes_11aug_pf-53_f,10000
IMG_20220811_162702756_HDR.jpg,standard,30640.8
IMG_20220811_162702756_HDR.jpg,total,35630.9
IMG_20220811_162837697.jpg,wes_11aug_pl-50_f,10000
IMG_20220811_162837697.jpg,standard,43856.9
IMG_20220811_162837697.jpg,total,54058.5
IMG_20220811_163010259_HDR.jpg,wes_11aug_pf-54_f,10000
IMG_20220811_163010259_HDR.jpg,standard,26237.7
IMG_20220811_163010259_HDR.jpg,total,32774.3
IMG_20220811_163109057_HDR.jpg,wes_11aug_pf-55_f,10000
IMG_20220811_163109057_HDR.jpg,standard,31754.4
IMG_20220811_163109057_HDR.jpg,total,36271.5
IMG_20220811_163233159_HDR.jpg,wes_11aug_pf-56_f,10000
IMG_20220811_163233159_HDR.jpg,standard,28380.7
IMG_20220811_163233159_HDR.jpg,total,34289.5
IMG_20220811_164453130.jpg,wes_11aug_pf-57_f,10000
IMG_20220811_164453130.jpg,standard,27922.6
IMG_20220811_164453130.jpg,total,34143.9
IMG_20220811_164634062_HDR.jpg,wes_aug11_pf-58_f,10000
IMG_20220811_164634062_HDR.jpg,standard,36024.9
IMG_20220811_164634062_HDR.jpg,total,45943.3
IMG_20220811_165304478.jpg,wes_11aug_pf-59_f,10000
IMG_20220811_165304478.jpg,standard,17466.2
IMG_20220811_165304478.jpg,total,21522
IMG_20220811_165414350.jpg,wes_11aug_pl-51_f,10000
IMG_20220811_165414350.jpg,standard,43540.4
IMG_20220811_165414350.jpg,total,54516.2
IMG_20220811_165523735.jpg,wes_11aug_pl-52_m,10000
IMG_20220811_165523735.jpg,standard,28888.4
IMG_20220811_165523735.jpg,total,37527.9
IMG_20220811_165721550_HDR.jpg,wes_11aug_pl-53_f,10000
IMG_20220811_165721550_HDR.jpg,standard,43929.9
IMG_20220811_165721550_HDR.jpg,total,53965
IMG_20220811_165854972.jpg,wes_11aug_pf-60_f,10000
IMG_20220811_165854972.jpg,standard,36170.9
IMG_20220811_165854972.jpg,total,43708.4
IMG_20220811_170010860_HDR.jpg,wes_11aug_pl-54_m,10000
IMG_20220811_170010860_HDR.jpg,standard,36484.5
IMG_20220811_170010860_HDR.jpg,total,46821.6
IMG_20220811_170126297_HDR.jpg,wes_11aug_pf-61_f,10000
IMG_20220811_170126297_HDR.jpg,standard,33506.7
IMG_20220811_170126297_HDR.jpg,total,38508
IMG_20220811_170305067_HDR.jpg,wes_11aug_pl-55_f,10000
IMG_20220811_170305067_HDR.jpg,standard,39972.2
IMG_20220811_170305067_HDR.jpg,total,49226.6
IMG_20220811_170453869_HDR.jpg,wes_11aug_pl-56_f,10000
IMG_20220811_170453869_HDR.jpg,standard,35988.6
IMG_20220811_170453869_HDR.jpg,total,45680.8
IMG_20220811_171007823.jpg,wes_11aug_pf-62_f,10000
IMG_20220811_171007823.jpg,standard,38955.5
IMG_20220811_171007823.jpg,total,48270.7
IMG_20220811_171358705.jpg,wes_11aug_pf-63_f,10000
IMG_20220811_171358705.jpg,standard,24676.9
IMG_20220811_171358705.jpg,total,30795
IMG_20220811_171904852.jpg,wes_11aug_pl-57_f,10000
IMG_20220811_171904852.jpg,standard,38095.8
IMG_20220811_171904852.jpg,total,47129
IMG_20220811_172100447.jpg,wes_11aug_pf-64,10000
IMG_20220811_172100447.jpg,standard,33132.8
IMG_20220811_172100447.jpg,total,40677.7
IMG_20220811_172400284.jpg,wes_11aug_pl-58_f,10000
IMG_20220811_172400284.jpg,standard,45352.7
IMG_20220811_172400284.jpg,total,55036.6
IMG_20220811_172557708.jpg,wes_11aug_pl-59_m,10000
IMG_20220811_172557708.jpg,standard,47130.8
IMG_20220811_172557708.jpg,total,57798.7
IMG_20220811_172912479.jpg,wes_11aug_pl-60_m,10000
IMG_20220811_172912479.jpg,standard,39631.1
IMG_20220811_172912479.jpg,total,48967.4
IMG_20220811_173035559.jpg,wes_11aug_pl-61_f,10000
IMG_20220811_173035559.jpg,standard,44771.8
IMG_20220811_173035559.jpg,total,55752.4
IMG_20220811_173204568.jpg,wes_11aug_pf-62_f,10000
IMG_20220811_173204568.jpg,standard,44882.2
IMG_20220811_173204568.jpg,total,51792.9
IMG_20220811_173214524.jpg,wes_11aug_pl-62_f,10000
IMG_20220811_173214524.jpg,standard,43981.7
IMG_20220811_173214524.jpg,total,53534
IMG_20220811_173322817.jpg,wes_11aug_pl-63_f,10000
IMG_20220811_173322817.jpg,standard,39010.9
IMG_20220811_173322817.jpg,total,49662.1
IMG_20220811_173530533.jpg,wes_11aug_pl-64_f,10000
IMG_20220811_173530533.jpg,standard,40861.5
IMG_20220811_173530533.jpg,total,49618.9
IMG_20220811_173713182.jpg,wes_11aug_pl-65_f,10000
IMG_20220811_173713182.jpg,standard,39789.5
IMG_20220811_173713182.jpg,total,47236
IMG_20220811_174110131.jpg,wes_11aug_pl-66_m,10000
IMG_20220811_174110131.jpg,standard,27052.7
IMG_20220811_174110131.jpg,total,34095.7
IMG_20220811_174432000.jpg,wes_11aug_pf-65_f,10000
IMG_20220811_174432000.jpg,standard,30328.4
IMG_20220811_174432000.jpg,total,38097.6
IMG_20220807_175218619.jpg,wes_06aug_pl-22_f,10000
IMG_20220807_175218619.jpg,standard,28120
IMG_20220807_175218619.jpg,total,35150
IMG_20220808_103749416.jpg,wes_06aug_pf-25_f,10000
IMG_20220808_103749416.jpg,standard,29458.7
IMG_20220808_103749416.jpg,total,37185.1